<beans xmlns="http://www.springframework.org/schema/beans"
       xmlns:xsi="http://www.w3.org/2001/XMLSchema-instance"
       xsi:schemaLocation="http://www.springframework.org/schema/beans
                           http://www.springframework.org/schema/beans/spring-beans.xsd">

  <import resource="classpath:META-INF/coremedia/component-connectors-lib.xml"/>

  <bean id="connectorExampleService" class="com.coremedia.blueprint.studio.studiohub.ExampleConnectorService"
        scope="prototype"/>

  <bean id="connector:example" class="com.coremedia.blueprint.connectors.api.ConnectorConnection" scope="prototype">
    <property name="connectorService" ref="connectorExampleService"/>
    <property name="connectorContentService" ref="connectorContentService" />
  </bean>

  <!-- Content Creation-->
  <bean id="exampleContentItemWriteInterceptor" class="com.coremedia.blueprint.studio.studiohub.ExampleItemWriteInterceptor" parent="connectorItemWriteInterceptor">
    <property name="type" value="CMArticle" />
    <property name="priority" value="0" />
  </bean>

</beans>
